道具,分类
0.1元大礼包,礼包
10块滑板,滑板
15000金币,金币
15元大礼包,礼包
1条钥匙,钥匙
20条钥匙,钥匙
3000金币,金币
38000金币,金币
50条钥匙,钥匙
60块滑板,滑板
70000金币,金币
8条钥匙,钥匙
8元大礼包,礼包
超级大礼包,礼包
超值大礼包,礼包
感恩大礼包,礼包
解锁滑板,滑板
快速复活,其他
首次复活0.1元,其他
数据备份,其他
双倍金币,金币
特级大礼包,礼包
特殊滑板,滑板
限量版角色,其他
新手礼包,礼包
正版激活,其他
,
